Package,LibPath,Version,Priority,Built
abind,/Library/Frameworks/R.framework/Versions/3.5/Resources/library,1.4-5,NA,3.5.0
acepack,/Library/Frameworks/R.framework/Versions/3.5/Resources/library,1.4.1,NA,3.5.0
arm,/Library/Frameworks/R.framework/Versions/3.5/Resources/library,1.10-1,NA,3.5.0
assertthat,/Library/Frameworks/R.framework/Versions/3.5/Resources/library,0.2.0,NA,3.5.0
audio,/Library/Frameworks/R.framework/Versions/3.5/Resources/library,0.1-5.1,NA,3.5.0
backports,/Library/Frameworks/R.framework/Versions/3.5/Resources/library,1.1.3,NA,3.5.0
base,/Library/Frameworks/R.framework/Versions/3.5/Resources/library,3.5.2,base,3.5.2
base64enc,/Library/Frameworks/R.framework/Versions/3.5/Resources/library,0.1-3,NA,3.5.0
beepr,/Library/Frameworks/R.framework/Versions/3.5/Resources/library,1.3,NA,3.5.0
BH,/Library/Frameworks/R.framework/Versions/3.5/Resources/library,1.69.0-1,NA,3.5.2
bibtex,/Library/Frameworks/R.framework/Versions/3.5/Resources/library,0.4.2,NA,3.5.0
bindr,/Library/Frameworks/R.framework/Versions/3.5/Resources/library,0.1.1,NA,3.5.0
bindrcpp,/Library/Frameworks/R.framework/Versions/3.5/Resources/library,0.2.2,NA,3.5.0
binom,/Library/Frameworks/R.framework/Versions/3.5/Resources/library,1.1-1,NA,3.5.0
bit,/Library/Frameworks/R.framework/Versions/3.5/Resources/library,1.1-14,NA,3.5.0
bitops,/Library/Frameworks/R.framework/Versions/3.5/Resources/library,1.0-6,NA,3.5.0
boot,/Library/Frameworks/R.framework/Versions/3.5/Resources/library,1.3-20,recommended,3.5.2
BradleyTerry2,/Library/Frameworks/R.framework/Versions/3.5/Resources/library,1.0-8,NA,3.5.0
brglm,/Library/Frameworks/R.framework/Versions/3.5/Resources/library,0.6.1,NA,3.5.0
broom,/Library/Frameworks/R.framework/Versions/3.5/Resources/library,0.5.1,NA,3.5.0
callr,/Library/Frameworks/R.framework/Versions/3.5/Resources/library,3.1.1,NA,3.5.0
car,/Library/Frameworks/R.framework/Versions/3.5/Resources/library,3.0-2,NA,3.5.0
carData,/Library/Frameworks/R.framework/Versions/3.5/Resources/library,3.0-2,NA,3.5.0
caret,/Library/Frameworks/R.framework/Versions/3.5/Resources/library,6.0-81,NA,3.5.0
caTools,/Library/Frameworks/R.framework/Versions/3.5/Resources/library,1.17.1.1,NA,3.5.0
cellranger,/Library/Frameworks/R.framework/Versions/3.5/Resources/library,1.1.0,NA,3.5.0
checkmate,/Library/Frameworks/R.framework/Versions/3.5/Resources/library,1.8.5,NA,3.5.0
class,/Library/Frameworks/R.framework/Versions/3.5/Resources/library,7.3-15,recommended,3.5.2
classInt,/Library/Frameworks/R.framework/Versions/3.5/Resources/library,0.3-1,NA,3.5.0
cli,/Library/Frameworks/R.framework/Versions/3.5/Resources/library,1.0.1,NA,3.5.0
clipr,/Library/Frameworks/R.framework/Versions/3.5/Resources/library,0.4.1,NA,3.5.0
clisymbols,/Library/Frameworks/R.framework/Versions/3.5/Resources/library,1.2.0,NA,3.5.0
cluster,/Library/Frameworks/R.framework/Versions/3.5/Resources/library,2.0.7-1,recommended,3.5.2
cmprsk,/Library/Frameworks/R.framework/Versions/3.5/Resources/library,2.2-7,NA,3.5.0
coda,/Library/Frameworks/R.framework/Versions/3.5/Resources/library,0.19-2,NA,3.5.0
codetools,/Library/Frameworks/R.framework/Versions/3.5/Resources/library,0.2-16,recommended,3.5.2
coin,/Library/Frameworks/R.framework/Versions/3.5/Resources/library,1.2-2,NA,3.5.0
colorspace,/Library/Frameworks/R.framework/Versions/3.5/Resources/library,1.3-2,NA,3.5.0
colourpicker,/Library/Frameworks/R.framework/Versions/3.5/Resources/library,1.0,NA,3.5.0
combinat,/Library/Frameworks/R.framework/Versions/3.5/Resources/library,0.0-8,NA,3.5.0
compiler,/Library/Frameworks/R.framework/Versions/3.5/Resources/library,3.5.2,base,3.5.2
corpcor,/Library/Frameworks/R.framework/Versions/3.5/Resources/library,1.6.9,NA,3.5.0
cowplot,/Library/Frameworks/R.framework/Versions/3.5/Resources/library,0.9.4,NA,3.5.2
crayon,/Library/Frameworks/R.framework/Versions/3.5/Resources/library,1.3.4,NA,3.5.0
crosstalk,/Library/Frameworks/R.framework/Versions/3.5/Resources/library,1.0.0,NA,3.5.0
Cubist,/Library/Frameworks/R.framework/Versions/3.5/Resources/library,0.2.2,NA,3.5.0
curl,/Library/Frameworks/R.framework/Versions/3.5/Resources/library,3.2,NA,3.5.0
cvAUC,/Library/Frameworks/R.framework/Versions/3.5/Resources/library,1.1.2,NA,3.5.1
data.table,/Library/Frameworks/R.framework/Versions/3.5/Resources/library,1.11.8,NA,3.5.0
DataExplorer,/Library/Frameworks/R.framework/Versions/3.5/Resources/library,0.7.0,NA,3.5.0
datasets,/Library/Frameworks/R.framework/Versions/3.5/Resources/library,3.5.2,base,3.5.2
DBI,/Library/Frameworks/R.framework/Versions/3.5/Resources/library,1.0.0,NA,3.5.0
dbplyr,/Library/Frameworks/R.framework/Versions/3.5/Resources/library,1.2.2,NA,3.5.0
DEoptimR,/Library/Frameworks/R.framework/Versions/3.5/Resources/library,1.0-8,NA,3.5.0
desc,/Library/Frameworks/R.framework/Versions/3.5/Resources/library,1.2.0,NA,3.5.0
devtools,/Library/Frameworks/R.framework/Versions/3.5/Resources/library,2.0.1,NA,3.5.1
digest,/Library/Frameworks/R.framework/Versions/3.5/Resources/library,0.6.18,NA,3.5.0
doParallel,/Library/Frameworks/R.framework/Versions/3.5/Resources/library,1.0.14,NA,3.5.0
doRedis,/Library/Frameworks/R.framework/Versions/3.5/Resources/library,1.1.1,NA,3.5.0
doRNG,/Library/Frameworks/R.framework/Versions/3.5/Resources/library,1.7.1,NA,3.5.0
dplyr,/Library/Frameworks/R.framework/Versions/3.5/Resources/library,0.7.8,NA,3.5.0
dummies,/Library/Frameworks/R.framework/Versions/3.5/Resources/library,1.5.6,NA,3.5.0
e1071,/Library/Frameworks/R.framework/Versions/3.5/Resources/library,1.7-0,NA,3.5.0
earth,/Library/Frameworks/R.framework/Versions/3.5/Resources/library,4.7.0,NA,3.5.2
ellipse,/Library/Frameworks/R.framework/Versions/3.5/Resources/library,0.4.1,NA,3.5.0
evaluate,/Library/Frameworks/R.framework/Versions/3.5/Resources/library,0.12,NA,3.5.0
exactRankTests,/Library/Frameworks/R.framework/Versions/3.5/Resources/library,0.8-29,NA,3.5.0
expss,/Library/Frameworks/R.framework/Versions/3.5/Resources/library,0.8.10,NA,3.5.0
fansi,/Library/Frameworks/R.framework/Versions/3.5/Resources/library,0.4.0,NA,3.5.0
fastICA,/Library/Frameworks/R.framework/Versions/3.5/Resources/library,1.2-1,NA,3.5.0
fastmatch,/Library/Frameworks/R.framework/Versions/3.5/Resources/library,1.1-0,NA,3.5.0
feather,/Library/Frameworks/R.framework/Versions/3.5/Resources/library,0.3.2,NA,3.5.2
ff,/Library/Frameworks/R.framework/Versions/3.5/Resources/library,2.2-14,NA,3.5.0
ffbase,/Library/Frameworks/R.framework/Versions/3.5/Resources/library,0.12.7,NA,3.5.0
forcats,/Library/Frameworks/R.framework/Versions/3.5/Resources/library,0.3.0,NA,3.5.0
foreach,/Library/Frameworks/R.framework/Versions/3.5/Resources/library,1.4.4,NA,3.5.0
forecast,/Library/Frameworks/R.framework/Versions/3.5/Resources/library,8.4,NA,3.5.0
foreign,/Library/Frameworks/R.framework/Versions/3.5/Resources/library,0.8-71,recommended,3.5.2
formatR,/Library/Frameworks/R.framework/Versions/3.5/Resources/library,1.5,NA,3.5.0
Formula,/Library/Frameworks/R.framework/Versions/3.5/Resources/library,1.2-3,NA,3.5.0
fracdiff,/Library/Frameworks/R.framework/Versions/3.5/Resources/library,1.4-2,NA,3.5.0
fs,/Library/Frameworks/R.framework/Versions/3.5/Resources/library,1.2.6,NA,3.5.0
future,/Library/Frameworks/R.framework/Versions/3.5/Resources/library,1.10.0,NA,3.5.0
gam,/Library/Frameworks/R.framework/Versions/3.5/Resources/library,1.16,NA,3.5.0
gbm,/Library/Frameworks/R.framework/Versions/3.5/Resources/library,2.1.4,NA,3.5.0
gdata,/Library/Frameworks/R.framework/Versions/3.5/Resources/library,2.18.0,NA,3.5.0
geepack,/Library/Frameworks/R.framework/Versions/3.5/Resources/library,1.2-1,NA,3.5.0
generics,/Library/Frameworks/R.framework/Versions/3.5/Resources/library,0.0.2,NA,3.5.0
GGally,/Library/Frameworks/R.framework/Versions/3.5/Resources/library,1.4.0,NA,3.5.0
ggExtra,/Library/Frameworks/R.framework/Versions/3.5/Resources/library,0.8,NA,3.5.0
ggplot2,/Library/Frameworks/R.framework/Versions/3.5/Resources/library,3.1.0.9000,NA,3.5.1
ggpubr,/Library/Frameworks/R.framework/Versions/3.5/Resources/library,0.2,NA,3.5.0
ggrepel,/Library/Frameworks/R.framework/Versions/3.5/Resources/library,0.8.0,NA,3.5.0
ggsci,/Library/Frameworks/R.framework/Versions/3.5/Resources/library,2.9,NA,3.5.0
ggsignif,/Library/Frameworks/R.framework/Versions/3.5/Resources/library,0.4.0,NA,3.5.0
gh,/Library/Frameworks/R.framework/Versions/3.5/Resources/library,1.0.1,NA,3.5.0
git2r,/Library/Frameworks/R.framework/Versions/3.5/Resources/library,0.24.0,NA,3.5.2
glmnet,/Library/Frameworks/R.framework/Versions/3.5/Resources/library,2.0-16,NA,3.5.0
globals,/Library/Frameworks/R.framework/Versions/3.5/Resources/library,0.12.4,NA,3.5.0
glue,/Library/Frameworks/R.framework/Versions/3.5/Resources/library,1.3.0,NA,3.5.0
gmodels,/Library/Frameworks/R.framework/Versions/3.5/Resources/library,2.18.1,NA,3.5.0
gower,/Library/Frameworks/R.framework/Versions/3.5/Resources/library,0.1.2,NA,3.5.0
gplots,/Library/Frameworks/R.framework/Versions/3.5/Resources/library,3.0.1,NA,3.5.0
graphics,/Library/Frameworks/R.framework/Versions/3.5/Resources/library,3.5.2,base,3.5.2
grDevices,/Library/Frameworks/R.framework/Versions/3.5/Resources/library,3.5.2,base,3.5.2
grid,/Library/Frameworks/R.framework/Versions/3.5/Resources/library,3.5.2,base,3.5.2
gridExtra,/Library/Frameworks/R.framework/Versions/3.5/Resources/library,2.3,NA,3.5.0
gtable,/Library/Frameworks/R.framework/Versions/3.5/Resources/library,0.2.0,NA,3.5.0
gtools,/Library/Frameworks/R.framework/Versions/3.5/Resources/library,3.8.1,NA,3.5.0
haven,/Library/Frameworks/R.framework/Versions/3.5/Resources/library,2.0.0,NA,3.5.0
here,/Library/Frameworks/R.framework/Versions/3.5/Resources/library,0.1,NA,3.5.0
hexbin,/Library/Frameworks/R.framework/Versions/3.5/Resources/library,1.27.2,NA,3.5.0
highr,/Library/Frameworks/R.framework/Versions/3.5/Resources/library,0.7,NA,3.5.0
Hmisc,/Library/Frameworks/R.framework/Versions/3.5/Resources/library,4.1-1,NA,3.5.0
hms,/Library/Frameworks/R.framework/Versions/3.5/Resources/library,0.4.2,NA,3.5.0
htmlTable,/Library/Frameworks/R.framework/Versions/3.5/Resources/library,1.13.1,NA,3.5.2
htmltools,/Library/Frameworks/R.framework/Versions/3.5/Resources/library,0.3.6,NA,3.5.0
htmlwidgets,/Library/Frameworks/R.framework/Versions/3.5/Resources/library,1.3,NA,3.5.0
httpuv,/Library/Frameworks/R.framework/Versions/3.5/Resources/library,1.4.5.1,NA,3.5.0
httr,/Library/Frameworks/R.framework/Versions/3.5/Resources/library,1.4.0,NA,3.5.0
igraph,/Library/Frameworks/R.framework/Versions/3.5/Resources/library,1.2.2,NA,3.5.0
ini,/Library/Frameworks/R.framework/Versions/3.5/Resources/library,0.3.1,NA,3.5.0
ipred,/Library/Frameworks/R.framework/Versions/3.5/Resources/library,0.9-8,NA,3.5.0
ISwR,/Library/Frameworks/R.framework/Versions/3.5/Resources/library,2.0-7,NA,3.5.0
iterators,/Library/Frameworks/R.framework/Versions/3.5/Resources/library,1.0.10,NA,3.5.0
itertools,/Library/Frameworks/R.framework/Versions/3.5/Resources/library,0.1-3,NA,3.5.0
jsonlite,/Library/Frameworks/R.framework/Versions/3.5/Resources/library,1.6,NA,3.5.0
KernelKnn,/Library/Frameworks/R.framework/Versions/3.5/Resources/library,1.0.8,NA,3.5.0
kernlab,/Library/Frameworks/R.framework/Versions/3.5/Resources/library,0.9-27,NA,3.5.0
KernSmooth,/Library/Frameworks/R.framework/Versions/3.5/Resources/library,2.23-15,recommended,3.5.2
klaR,/Library/Frameworks/R.framework/Versions/3.5/Resources/library,0.6-14,NA,3.5.0
km.ci,/Library/Frameworks/R.framework/Versions/3.5/Resources/library,0.5-2,NA,3.5.0
KMsurv,/Library/Frameworks/R.framework/Versions/3.5/Resources/library,0.1-5,NA,3.5.0
knitr,/Library/Frameworks/R.framework/Versions/3.5/Resources/library,1.21,NA,3.5.2
labeling,/Library/Frameworks/R.framework/Versions/3.5/Resources/library,0.3,NA,3.5.0
labelled,/Library/Frameworks/R.framework/Versions/3.5/Resources/library,2.0.1,NA,3.5.0
laeken,/Library/Frameworks/R.framework/Versions/3.5/Resources/library,0.4.6,NA,3.5.0
later,/Library/Frameworks/R.framework/Versions/3.5/Resources/library,0.7.5,NA,3.5.0
lattice,/Library/Frameworks/R.framework/Versions/3.5/Resources/library,0.20-38,recommended,3.5.2
latticeExtra,/Library/Frameworks/R.framework/Versions/3.5/Resources/library,0.6-28,NA,3.5.0
lava,/Library/Frameworks/R.framework/Versions/3.5/Resources/library,1.6.4,NA,3.5.0
lazyeval,/Library/Frameworks/R.framework/Versions/3.5/Resources/library,0.2.1,NA,3.5.0
listenv,/Library/Frameworks/R.framework/Versions/3.5/Resources/library,0.7.0,NA,3.5.0
lme4,/Library/Frameworks/R.framework/Versions/3.5/Resources/library,1.1-19,NA,3.5.0
lmerTest,/Library/Frameworks/R.framework/Versions/3.5/Resources/library,3.0-1,NA,3.5.0
lmtest,/Library/Frameworks/R.framework/Versions/3.5/Resources/library,0.9-36,NA,3.5.0
lubridate,/Library/Frameworks/R.framework/Versions/3.5/Resources/library,1.7.4,NA,3.5.0
magrittr,/Library/Frameworks/R.framework/Versions/3.5/Resources/library,1.5,NA,3.5.0
manipulateWidget,/Library/Frameworks/R.framework/Versions/3.5/Resources/library,0.10.0,NA,3.5.0
maptools,/Library/Frameworks/R.framework/Versions/3.5/Resources/library,0.9-4,NA,3.5.0
markdown,/Library/Frameworks/R.framework/Versions/3.5/Resources/library,0.9,NA,3.5.0
MASS,/Library/Frameworks/R.framework/Versions/3.5/Resources/library,7.3-51.1,recommended,3.5.2
Matching,/Library/Frameworks/R.framework/Versions/3.5/Resources/library,4.9-3,NA,3.5.0
MatchIt,/Library/Frameworks/R.framework/Versions/3.5/Resources/library,3.0.2,NA,3.5.0
Matrix,/Library/Frameworks/R.framework/Versions/3.5/Resources/library,1.2-15,recommended,3.5.2
MatrixModels,/Library/Frameworks/R.framework/Versions/3.5/Resources/library,0.4-1,NA,3.5.0
matrixStats,/Library/Frameworks/R.framework/Versions/3.5/Resources/library,0.54.0,NA,3.5.0
maxstat,/Library/Frameworks/R.framework/Versions/3.5/Resources/library,0.7-25,NA,3.5.0
mda,/Library/Frameworks/R.framework/Versions/3.5/Resources/library,0.4-10,NA,3.5.0
memoise,/Library/Frameworks/R.framework/Versions/3.5/Resources/library,1.1.0,NA,3.5.0
methods,/Library/Frameworks/R.framework/Versions/3.5/Resources/library,3.5.2,base,3.5.2
mgcv,/Library/Frameworks/R.framework/Versions/3.5/Resources/library,1.8-26,recommended,3.5.2
microbenchmark,/Library/Frameworks/R.framework/Versions/3.5/Resources/library,1.4-6,NA,3.5.0
mime,/Library/Frameworks/R.framework/Versions/3.5/Resources/library,0.6,NA,3.5.0
miniUI,/Library/Frameworks/R.framework/Versions/3.5/Resources/library,0.1.1.1,NA,3.5.0
minqa,/Library/Frameworks/R.framework/Versions/3.5/Resources/library,1.2.4,NA,3.5.0
missForest,/Library/Frameworks/R.framework/Versions/3.5/Resources/library,1.4,NA,3.5.0
mlbench,/Library/Frameworks/R.framework/Versions/3.5/Resources/library,2.1-1,NA,3.5.0
MLmetrics,/Library/Frameworks/R.framework/Versions/3.5/Resources/library,1.1.1,NA,3.5.0
ModelMetrics,/Library/Frameworks/R.framework/Versions/3.5/Resources/library,1.2.2,NA,3.5.0
modelr,/Library/Frameworks/R.framework/Versions/3.5/Resources/library,0.1.2,NA,3.5.0
modeltools,/Library/Frameworks/R.framework/Versions/3.5/Resources/library,0.2-22,NA,3.5.0
multcomp,/Library/Frameworks/R.framework/Versions/3.5/Resources/library,1.4-8,NA,3.5.0
munsell,/Library/Frameworks/R.framework/Versions/3.5/Resources/library,0.5.0,NA,3.5.0
mvtnorm,/Library/Frameworks/R.framework/Versions/3.5/Resources/library,1.0-8,NA,3.5.0
networkD3,/Library/Frameworks/R.framework/Versions/3.5/Resources/library,0.4,NA,3.5.0
nlme,/Library/Frameworks/R.framework/Versions/3.5/Resources/library,3.1-137,recommended,3.5.2
nloptr,/Library/Frameworks/R.framework/Versions/3.5/Resources/library,1.2.1,NA,3.5.0
NLP,/Library/Frameworks/R.framework/Versions/3.5/Resources/library,0.2-0,NA,3.5.0
nnet,/Library/Frameworks/R.framework/Versions/3.5/Resources/library,7.3-12,recommended,3.5.2
nnls,/Library/Frameworks/R.framework/Versions/3.5/Resources/library,1.4,NA,3.5.0
numDeriv,/Library/Frameworks/R.framework/Versions/3.5/Resources/library,2016.8-1,NA,3.5.0
openssl,/Library/Frameworks/R.framework/Versions/3.5/Resources/library,1.1,NA,3.5.0
openxlsx,/Library/Frameworks/R.framework/Versions/3.5/Resources/library,4.1.0,NA,3.5.0
pamr,/Library/Frameworks/R.framework/Versions/3.5/Resources/library,1.55,NA,3.5.0
parallel,/Library/Frameworks/R.framework/Versions/3.5/Resources/library,3.5.2,base,3.5.2
party,/Library/Frameworks/R.framework/Versions/3.5/Resources/library,1.3-1,NA,3.5.0
pbkrtest,/Library/Frameworks/R.framework/Versions/3.5/Resources/library,0.4-7,NA,3.5.0
pbmcapply,/Library/Frameworks/R.framework/Versions/3.5/Resources/library,1.3.0,NA,3.5.0
pillar,/Library/Frameworks/R.framework/Versions/3.5/Resources/library,1.3.1,NA,3.5.0
pkgbuild,/Library/Frameworks/R.framework/Versions/3.5/Resources/library,1.0.2,NA,3.5.0
pkgconfig,/Library/Frameworks/R.framework/Versions/3.5/Resources/library,2.0.2,NA,3.5.0
pkgload,/Library/Frameworks/R.framework/Versions/3.5/Resources/library,1.0.2,NA,3.5.0
pkgmaker,/Library/Frameworks/R.framework/Versions/3.5/Resources/library,0.27,NA,3.5.0
plogr,/Library/Frameworks/R.framework/Versions/3.5/Resources/library,0.2.0,NA,3.5.0
plotly,/Library/Frameworks/R.framework/Versions/3.5/Resources/library,4.8.0,NA,3.5.1
plotmo,/Library/Frameworks/R.framework/Versions/3.5/Resources/library,3.5.2,NA,3.5.2
plotrix,/Library/Frameworks/R.framework/Versions/3.5/Resources/library,3.7-4,NA,3.5.0
pls,/Library/Frameworks/R.framework/Versions/3.5/Resources/library,2.7-0,NA,3.5.0
plyr,/Library/Frameworks/R.framework/Versions/3.5/Resources/library,1.8.4,NA,3.5.0
polspline,/Library/Frameworks/R.framework/Versions/3.5/Resources/library,1.1.13,NA,3.5.0
polynom,/Library/Frameworks/R.framework/Versions/3.5/Resources/library,1.3-9,NA,3.5.0
praise,/Library/Frameworks/R.framework/Versions/3.5/Resources/library,1.0.0,NA,3.5.0
prettyunits,/Library/Frameworks/R.framework/Versions/3.5/Resources/library,1.0.2,NA,3.5.0
pROC,/Library/Frameworks/R.framework/Versions/3.5/Resources/library,1.13.0,NA,3.5.0
processx,/Library/Frameworks/R.framework/Versions/3.5/Resources/library,3.2.1,NA,3.5.0
prodlim,/Library/Frameworks/R.framework/Versions/3.5/Resources/library,2018.04.18,NA,3.5.0
profileModel,/Library/Frameworks/R.framework/Versions/3.5/Resources/library,0.5-9,NA,3.5.0
profvis,/Library/Frameworks/R.framework/Versions/3.5/Resources/library,0.3.5,NA,3.5.0
progress,/Library/Frameworks/R.framework/Versions/3.5/Resources/library,1.2.0,NA,3.5.0
promises,/Library/Frameworks/R.framework/Versions/3.5/Resources/library,1.0.1,NA,3.5.0
proxy,/Library/Frameworks/R.framework/Versions/3.5/Resources/library,0.4-22,NA,3.5.0
ps,/Library/Frameworks/R.framework/Versions/3.5/Resources/library,1.3.0,NA,3.5.0
PSW,/Library/Frameworks/R.framework/Versions/3.5/Resources/library,1.1-3,NA,3.5.0
Publish,/Library/Frameworks/R.framework/Versions/3.5/Resources/library,2018.04.17,NA,3.5.0
purrr,/Library/Frameworks/R.framework/Versions/3.5/Resources/library,0.2.5,NA,3.5.0
quadprog,/Library/Frameworks/R.framework/Versions/3.5/Resources/library,1.5-5,NA,3.5.0
quantmod,/Library/Frameworks/R.framework/Versions/3.5/Resources/library,0.4-13,NA,3.5.0
quantreg,/Library/Frameworks/R.framework/Versions/3.5/Resources/library,5.38,NA,3.5.0
questionr,/Library/Frameworks/R.framework/Versions/3.5/Resources/library,0.7.0,NA,3.5.0
qvcalc,/Library/Frameworks/R.framework/Versions/3.5/Resources/library,0.9-1,NA,3.5.0
R6,/Library/Frameworks/R.framework/Versions/3.5/Resources/library,2.3.0,NA,3.5.0
randomForest,/Library/Frameworks/R.framework/Versions/3.5/Resources/library,4.6-14,NA,3.5.0
ranger,/Library/Frameworks/R.framework/Versions/3.5/Resources/library,0.10.1,NA,3.5.0
RANN,/Library/Frameworks/R.framework/Versions/3.5/Resources/library,2.6.1,NA,3.5.2
rbenchmark,/Library/Frameworks/R.framework/Versions/3.5/Resources/library,1.0.0,NA,3.5.0
rcmdcheck,/Library/Frameworks/R.framework/Versions/3.5/Resources/library,1.3.2,NA,3.5.0
RColorBrewer,/Library/Frameworks/R.framework/Versions/3.5/Resources/library,1.1-2,NA,3.5.0
Rcpp,/Library/Frameworks/R.framework/Versions/3.5/Resources/library,1.0.0,NA,3.5.0
RcppArmadillo,/Library/Frameworks/R.framework/Versions/3.5/Resources/library,0.9.200.5.0,NA,3.5.0
RcppEigen,/Library/Frameworks/R.framework/Versions/3.5/Resources/library,0.3.3.5.0,NA,3.5.0
RcppRoll,/Library/Frameworks/R.framework/Versions/3.5/Resources/library,0.3.0,NA,3.5.0
readr,/Library/Frameworks/R.framework/Versions/3.5/Resources/library,1.3.1,NA,3.5.0
readxl,/Library/Frameworks/R.framework/Versions/3.5/Resources/library,1.2.0,NA,3.5.0
recipes,/Library/Frameworks/R.framework/Versions/3.5/Resources/library,0.1.4,NA,3.5.0
registry,/Library/Frameworks/R.framework/Versions/3.5/Resources/library,0.5,NA,3.5.0
rematch,/Library/Frameworks/R.framework/Versions/3.5/Resources/library,1.0.1,NA,3.5.0
remotes,/Library/Frameworks/R.framework/Versions/3.5/Resources/library,2.0.2,NA,3.5.0
reportROC,/Library/Frameworks/R.framework/Versions/3.5/Resources/library,3.2,NA,3.5.0
reprex,/Library/Frameworks/R.framework/Versions/3.5/Resources/library,0.2.1,NA,3.5.0
reshape,/Library/Frameworks/R.framework/Versions/3.5/Resources/library,0.8.8,NA,3.5.0
reshape2,/Library/Frameworks/R.framework/Versions/3.5/Resources/library,1.4.3,NA,3.5.0
rgl,/Library/Frameworks/R.framework/Versions/3.5/Resources/library,0.99.16,NA,3.5.0
RhpcBLASctl,/Library/Frameworks/R.framework/Versions/3.5/Resources/library,0.18-205,NA,3.5.0
rio,/Library/Frameworks/R.framework/Versions/3.5/Resources/library,0.5.16,NA,3.5.0
rJava,/Library/Frameworks/R.framework/Versions/3.5/Resources/library,0.9-10,NA,3.5.0
rlang,/Library/Frameworks/R.framework/Versions/3.5/Resources/library,0.3.1,NA,3.5.2
rmarkdown,/Library/Frameworks/R.framework/Versions/3.5/Resources/library,1.11,NA,3.5.0
rmutil,/Library/Frameworks/R.framework/Versions/3.5/Resources/library,1.1.1,NA,3.5.0
rngtools,/Library/Frameworks/R.framework/Versions/3.5/Resources/library,1.3.1,NA,3.5.0
robustbase,/Library/Frameworks/R.framework/Versions/3.5/Resources/library,0.93-3,NA,3.5.0
ROCR,/Library/Frameworks/R.framework/Versions/3.5/Resources/library,1.0-7,NA,3.5.0
rpart,/Library/Frameworks/R.framework/Versions/3.5/Resources/library,4.1-13,recommended,3.5.2
rpart.plot,/Library/Frameworks/R.framework/Versions/3.5/Resources/library,3.0.6,NA,3.5.0
rprojroot,/Library/Frameworks/R.framework/Versions/3.5/Resources/library,1.3-2,NA,3.5.0
rredis,/Library/Frameworks/R.framework/Versions/3.5/Resources/library,1.7.0,NA,3.5.0
rstudioapi,/Library/Frameworks/R.framework/Versions/3.5/Resources/library,0.8,NA,3.5.0
rvest,/Library/Frameworks/R.framework/Versions/3.5/Resources/library,0.3.2,NA,3.5.0
sandwich,/Library/Frameworks/R.framework/Versions/3.5/Resources/library,2.5-0,NA,3.5.0
scales,/Library/Frameworks/R.framework/Versions/3.5/Resources/library,1.0.0,NA,3.5.0
selectr,/Library/Frameworks/R.framework/Versions/3.5/Resources/library,0.4-1,NA,3.5.0
sessioninfo,/Library/Frameworks/R.framework/Versions/3.5/Resources/library,1.1.1,NA,3.5.0
shiny,/Library/Frameworks/R.framework/Versions/3.5/Resources/library,1.2.0,NA,3.5.0
shinyjs,/Library/Frameworks/R.framework/Versions/3.5/Resources/library,1.0,NA,3.5.0
slam,/Library/Frameworks/R.framework/Versions/3.5/Resources/library,0.1-44,NA,3.5.0
sourcetools,/Library/Frameworks/R.framework/Versions/3.5/Resources/library,0.1.7,NA,3.5.0
sp,/Library/Frameworks/R.framework/Versions/3.5/Resources/library,1.3-1,NA,3.5.0
SparseM,/Library/Frameworks/R.framework/Versions/3.5/Resources/library,1.77,NA,3.5.0
spatial,/Library/Frameworks/R.framework/Versions/3.5/Resources/library,7.3-11,recommended,3.5.2
splines,/Library/Frameworks/R.framework/Versions/3.5/Resources/library,3.5.2,base,3.5.2
splines2,/Library/Frameworks/R.framework/Versions/3.5/Resources/library,0.2.8,NA,3.5.0
spls,/Library/Frameworks/R.framework/Versions/3.5/Resources/library,2.2-2,NA,3.5.0
SQUAREM,/Library/Frameworks/R.framework/Versions/3.5/Resources/library,2017.10-1,NA,3.5.0
stats,/Library/Frameworks/R.framework/Versions/3.5/Resources/library,3.5.2,base,3.5.2
stats4,/Library/Frameworks/R.framework/Versions/3.5/Resources/library,3.5.2,base,3.5.2
stR,/Library/Frameworks/R.framework/Versions/3.5/Resources/library,0.4,NA,3.5.0
stringi,/Library/Frameworks/R.framework/Versions/3.5/Resources/library,1.2.4,NA,3.5.0
stringr,/Library/Frameworks/R.framework/Versions/3.5/Resources/library,1.3.1,NA,3.5.0
strucchange,/Library/Frameworks/R.framework/Versions/3.5/Resources/library,1.5-1,NA,3.5.0
subselect,/Library/Frameworks/R.framework/Versions/3.5/Resources/library,0.14,NA,3.5.0
SuperLearner,/Library/Frameworks/R.framework/Versions/3.5/Resources/library,2.0-25-9000,NA,3.5.1
superpc,/Library/Frameworks/R.framework/Versions/3.5/Resources/library,1.09,NA,3.5.0
survey,/Library/Frameworks/R.framework/Versions/3.5/Resources/library,3.35,NA,3.5.0
survival,/Library/Frameworks/R.framework/Versions/3.5/Resources/library,2.43-3,recommended,3.5.2
survminer,/Library/Frameworks/R.framework/Versions/3.5/Resources/library,0.4.3,NA,3.5.0
survMisc,/Library/Frameworks/R.framework/Versions/3.5/Resources/library,0.5.5,NA,3.5.0
tableone,/Library/Frameworks/R.framework/Versions/3.5/Resources/library,0.9.3,NA,3.5.0
tabplot,/Library/Frameworks/R.framework/Versions/3.5/Resources/library,1.3-1,NA,3.5.0
tcltk,/Library/Frameworks/R.framework/Versions/3.5/Resources/library,3.5.2,base,3.5.2
TeachingDemos,/Library/Frameworks/R.framework/Versions/3.5/Resources/library,2.10,NA,3.5.0
testthat,/Library/Frameworks/R.framework/Versions/3.5/Resources/library,2.0.1,NA,3.5.0
TH.data,/Library/Frameworks/R.framework/Versions/3.5/Resources/library,1.0-9,NA,3.5.0
tibble,/Library/Frameworks/R.framework/Versions/3.5/Resources/library,2.0.0,NA,3.5.2
tidyr,/Library/Frameworks/R.framework/Versions/3.5/Resources/library,0.8.2,NA,3.5.0
tidyselect,/Library/Frameworks/R.framework/Versions/3.5/Resources/library,0.2.5,NA,3.5.0
tidyverse,/Library/Frameworks/R.framework/Versions/3.5/Resources/library,1.2.1.9000,NA,3.5.2
timeDate,/Library/Frameworks/R.framework/Versions/3.5/Resources/library,3043.102,NA,3.5.0
tinytex,/Library/Frameworks/R.framework/Versions/3.5/Resources/library,0.9,NA,3.5.0
tm,/Library/Frameworks/R.framework/Versions/3.5/Resources/library,0.7-6,NA,3.5.0
tmle,/Library/Frameworks/R.framework/Versions/3.5/Resources/library,1.3.0-1,NA,3.5.0
tools,/Library/Frameworks/R.framework/Versions/3.5/Resources/library,3.5.2,base,3.5.2
tseries,/Library/Frameworks/R.framework/Versions/3.5/Resources/library,0.10-46,NA,3.5.0
TTR,/Library/Frameworks/R.framework/Versions/3.5/Resources/library,0.23-4,NA,3.5.0
tufte,/Library/Frameworks/R.framework/Versions/3.5/Resources/library,0.4,NA,3.5.0
twang,/Library/Frameworks/R.framework/Versions/3.5/Resources/library,1.5,NA,3.5.0
urca,/Library/Frameworks/R.framework/Versions/3.5/Resources/library,1.3-0,NA,3.5.0
uroot,/Library/Frameworks/R.framework/Versions/3.5/Resources/library,2.0-9,NA,3.5.0
usethis,/Library/Frameworks/R.framework/Versions/3.5/Resources/library,1.4.0,NA,3.5.0
utf8,/Library/Frameworks/R.framework/Versions/3.5/Resources/library,1.1.4,NA,3.5.0
utils,/Library/Frameworks/R.framework/Versions/3.5/Resources/library,3.5.2,base,3.5.2
vcd,/Library/Frameworks/R.framework/Versions/3.5/Resources/library,1.4-4,NA,3.5.0
VGAM,/Library/Frameworks/R.framework/Versions/3.5/Resources/library,1.0-6,NA,3.5.0
VGAMdata,/Library/Frameworks/R.framework/Versions/3.5/Resources/library,1.0-3,NA,3.5.0
VIM,/Library/Frameworks/R.framework/Versions/3.5/Resources/library,4.7.0,NA,3.5.0
viridis,/Library/Frameworks/R.framework/Versions/3.5/Resources/library,0.5.1,NA,3.5.0
viridisLite,/Library/Frameworks/R.framework/Versions/3.5/Resources/library,0.3.0,NA,3.5.0
webshot,/Library/Frameworks/R.framework/Versions/3.5/Resources/library,0.5.1,NA,3.5.0
whisker,/Library/Frameworks/R.framework/Versions/3.5/Resources/library,0.3-2,NA,3.5.0
withr,/Library/Frameworks/R.framework/Versions/3.5/Resources/library,2.1.2,NA,3.5.0
xfun,/Library/Frameworks/R.framework/Versions/3.5/Resources/library,0.4,NA,3.5.0
xgboost,/Library/Frameworks/R.framework/Versions/3.5/Resources/library,0.71.2,NA,3.5.0
xlsx,/Library/Frameworks/R.framework/Versions/3.5/Resources/library,0.6.1,NA,3.5.0
xlsxjars,/Library/Frameworks/R.framework/Versions/3.5/Resources/library,0.6.1,NA,3.5.0
xml2,/Library/Frameworks/R.framework/Versions/3.5/Resources/library,1.2.0,NA,3.5.0
xopen,/Library/Frameworks/R.framework/Versions/3.5/Resources/library,1.0.0,NA,3.5.0
xtable,/Library/Frameworks/R.framework/Versions/3.5/Resources/library,1.8-3,NA,3.5.0
xts,/Library/Frameworks/R.framework/Versions/3.5/Resources/library,0.11-2,NA,3.5.0
yaml,/Library/Frameworks/R.framework/Versions/3.5/Resources/library,2.2.0,NA,3.5.0
zip,/Library/Frameworks/R.framework/Versions/3.5/Resources/library,1.0.0,NA,3.5.0
zoo,/Library/Frameworks/R.framework/Versions/3.5/Resources/library,1.8-4,NA,3.5.0
